source,target
0,291
0,292
0,293
0,294
0,295
0,296
0,297
0,298
0,299
0,300
0,301
0,302
0,303
0,304
0,305
0,306
0,307
0,308
0,309
0,310
0,311
0,312
0,313
0,314
1,291
1,292
1,293
1,294
1,295
1,296
1,297
1,298
1,299
1,300
1,301
1,302
1,303
1,304
1,305
1,306
1,307
1,308
1,309
1,310
1,311
1,312
1,313
1,314
2,183
2,184
2,185
2,186
2,187
2,188
2,189
2,190
3,0
3,1
3,2
3,4
3,5
3,6
3,7
3,8
3,9
3,10
3,11
3,12
3,13
3,14
3,15
3,16
3,17
3,18
3,19
3,20
3,21
3,22
3,23
3,24
3,25
3,26
3,27
3,28
3,29
3,30
3,31
4,315
4,316
4,317
4,318
4,319
4,320
4,321
4,322
4,323
4,324
4,325
5,0
5,1
5,2
5,3
5,4
5,6
5,7
5,8
5,9
5,10
5,11
5,12
5,13
5,14
5,15
5,16
5,17
5,18
5,19
5,20
5,21
5,22
5,23
5,24
5,25
5,26
5,27
5,28
5,29
5,30
5,31
6,0
6,1
6,2
6,3
6,4
6,5
6,7
6,8
6,9
6,10
6,11
6,12
6,13
6,14
6,15
6,16
6,17
6,18
6,19
6,20
6,21
6,22
6,23
6,24
6,25
6,26
6,27
6,28
6,29
6,30
6,31
7,0
7,1
7,2
7,3
7,4
7,5
7,6
7,8
7,9
7,10
7,11
7,12
7,13
7,14
7,15
7,16
7,17
7,18
7,19
7,20
7,21
7,22
7,23
7,24
7,25
7,26
7,27
7,28
7,29
7,30
7,31
8,135
8,136
8,137
8,138
9,371
9,372
9,373
9,374
9,375
9,376
9,377
9,378
9,379
9,380
9,381
9,382
9,383
9,384
9,385
10,0
10,1
10,2
10,3
10,4
10,5
10,6
10,7
10,8
10,9
10,11
10,12
10,13
10,14
10,15
10,16
10,17
10,18
10,19
10,20
10,21
10,22
10,23
10,24
10,25
10,26
10,27
10,28
10,29
10,30
10,31
11,315
11,316
11,317
11,318
11,319
11,320
11,321
11,322
11,323
11,324
11,325
12,0
12,1
12,2
12,3
12,4
12,5
12,6
12,7
12,8
12,9
12,10
12,11
12,13
12,14
12,15
12,16
12,17
12,18
12,19
12,20
12,21
12,22
12,23
12,24
12,25
12,26
12,27
12,28
12,29
12,30
12,31
13,386
13,387
13,388
13,389
13,390
13,391
13,392
13,393
13,394
13,395
13,396
13,397
13,398
13,399
13,400
13,401
13,402
13,403
13,404
13,405
13,406
13,407
13,408
13,409
13,410
13,411
13,412
13,413
13,414
13,415
13,416
13,417
13,418
13,419
13,420
13,421
13,422
13,423
13,424
13,425
13,426
13,427
13,428
13,429
13,430
13,431
14,291
14,292
14,293
14,294
14,295
14,296
14,297
14,298
14,299
14,300
14,301
14,302
14,303
14,304
14,305
14,306
14,307
14,308
14,309
14,310
14,311
14,312
14,313
14,314
15,248
15,249
15,250
15,251
15,252
15,253
15,254
15,255
15,256
15,257
15,258
15,259
15,260
15,261
15,262
15,263
15,264
15,265
15,266
15,267
15,268
15,269
15,270
15,271
15,272
15,273
15,274
15,275
15,276
15,277
15,278
15,279
15,280
15,281
15,282
15,283
15,284
15,285
15,286
15,287
15,288
15,289
15,290
16,0
16,1
16,2
16,3
16,4
16,5
16,6
16,7
16,8
16,9
16,10
16,11
16,12
16,13
16,14
16,15
16,17
16,18
16,19
16,20
16,21
16,22
16,23
16,24
16,25
16,26
16,27
16,28
16,29
16,30
16,31
17,0
17,1
17,2
17,3
17,4
17,5
17,6
17,7
17,8
17,9
17,10
17,11
17,12
17,13
17,14
17,15
17,16
17,18
17,19
17,20
17,21
17,22
17,23
17,24
17,25
17,26
17,27
17,28
17,29
17,30
17,31
18,0
18,1
18,2
18,3
18,4
18,5
18,6
18,7
18,8
18,9
18,10
18,11
18,12
18,13
18,14
18,15
18,16
18,17
18,19
18,20
18,21
18,22
18,23
18,24
18,25
18,26
18,27
18,28
18,29
18,30
18,31
19,315
19,316
19,317
19,318
19,319
19,320
19,321
19,322
19,323
19,324
19,325
20,0
20,1
20,2
20,3
20,4
20,5
20,6
20,7
20,8
20,9
20,10
20,11
20,12
20,13
20,14
20,15
20,16
20,17
20,18
20,19
20,21
20,22
20,23
20,24
20,25
20,26
20,27
20,28
20,29
20,30
20,31
21,326
21,327
21,328
21,329
21,330
21,331
21,332
21,333
21,334
21,335
21,336
21,337
21,338
21,339
21,340
21,341
21,342
21,343
21,344
21,345
21,346
21,347
21,348
21,349
21,350
21,351
21,352
21,353
21,354
21,355
21,356
21,357
21,358
21,359
21,360
21,361
21,362
21,363
21,364
21,365
21,366
21,367
22,0
22,1
22,2
22,3
22,4
22,5
22,6
22,7
22,8
22,9
22,10
22,11
22,12
22,13
22,14
22,15
22,16
22,17
22,18
22,19
22,20
22,21
22,23
22,24
22,25
22,26
22,27
22,28
22,29
22,30
22,31
23,432
23,433
23,434
23,435
23,436
23,437
23,438
23,439
23,440
23,441
23,442
23,443
23,444
23,445
23,446
23,447
23,448
23,449
23,450
23,451
23,452
23,453
23,454
23,455
23,456
23,457
23,458
23,459
24,0
24,1
24,2
24,3
24,4
24,5
24,6
24,7
24,8
24,9
24,10
24,11
24,12
24,13
24,14
24,15
24,16
24,17
24,18
24,19
24,20
24,21
24,22
24,23
24,25
24,26
24,27
24,28
24,29
24,30
24,31
25,0
25,1
25,2
25,3
25,4
25,5
25,6
25,7
25,8
25,9
25,10
25,11
25,12
25,13
25,14
25,15
25,16
25,17
25,18
25,19
25,20
25,21
25,22
25,23
25,24
25,26
25,27
25,28
25,29
25,30
25,31
26,291
26,292
26,293
26,294
26,295
26,296
26,297
26,298
26,299
26,300
26,301
26,302
26,303
26,304
26,305
26,306
26,307
26,308
26,309
26,310
26,311
26,312
26,313
26,314
27,386
27,387
27,388
27,389
27,390
27,391
27,392
27,393
27,394
27,395
27,396
27,397
27,398
27,399
27,400
27,401
27,402
27,403
27,404
27,405
27,406
27,407
27,408
27,409
27,410
27,411
27,412
27,413
27,414
27,415
27,416
27,417
27,418
27,419
27,420
27,421
27,422
27,423
27,424
27,425
27,426
27,427
27,428
27,429
27,430
27,431
28,0
28,1
28,2
28,3
28,4
28,5
28,6
28,7
28,8
28,9
28,10
28,11
28,12
28,13
28,14
28,15
28,16
28,17
28,18
28,19
28,20
28,21
28,22
28,23
28,24
28,25
28,26
28,27
28,29
28,30
28,31
29,113
29,114
29,115
29,116
29,117
29,118
29,119
29,120
29,121
29,122
29,123
29,124
29,125
29,126
29,127
29,128
29,129
29,130
29,131
29,132
29,133
29,134
30,291
30,292
30,293
30,294
30,295
30,296
30,297
30,298
30,299
30,300
30,301
30,302
30,303
30,304
30,305
30,306
30,307
30,308
30,309
30,310
30,311
30,312
30,313
30,314
31,291
31,292
31,293
31,294
31,295
31,296
31,297
31,298
31,299
31,300
31,301
31,302
31,303
31,304
31,305
31,306
31,307
31,308
31,309
31,310
31,311
31,312
31,313
31,314
32,113
32,114
32,115
32,116
32,117
32,118
32,119
32,120
32,121
32,122
32,123
32,124
32,125
32,126
32,127
32,128
32,129
32,130
32,131
32,132
32,133
32,134
33,371
33,372
33,373
33,374
33,375
33,376
33,377
33,378
33,379
33,380
33,381
33,382
33,383
33,384
33,385
34,460
34,461
35,315
35,316
35,317
35,318
35,319
35,320
35,321
35,322
35,323
35,324
35,325
36,291
36,292
36,293
36,294
36,295
36,296
36,297
36,298
36,299
36,300
36,301
36,302
36,303
36,304
36,305
36,306
36,307
36,308
36,309
36,310
36,311
36,312
36,313
36,314
37,148
37,149
37,150
37,151
37,152
37,153
37,154
37,155
37,156
37,157
37,158
37,159
37,160
37,161
37,162
37,163
37,164
37,165
37,166
38,197
38,198
38,199
38,200
38,201
38,202
38,203
38,204
38,205
38,206
38,207
38,208
38,209
38,210
38,211
38,212
38,213
38,214
38,215
38,216
38,217
38,218
38,219
39,0
39,1
39,2
39,3
39,4
39,5
39,6
39,7
39,8
39,9
39,10
39,11
39,12
39,13
39,14
39,15
39,16
39,17
39,18
39,19
39,20
39,21
39,22
39,23
39,24
39,25
39,26
39,27
39,28
39,29
39,30
39,31
40,0
40,1
40,2
40,3
40,4
40,5
40,6
40,7
40,8
40,9
40,10
40,11
40,12
40,13
40,14
40,15
40,16
40,17
40,18
40,19
40,20
40,21
40,22
40,23
40,24
40,25
40,26
40,27
40,28
40,29
40,30
40,31
41,167
41,168
41,169
41,170
41,171
41,172
41,173
41,174
41,175
41,176
41,177
41,178
41,179
41,180
41,181
41,182
42,183
42,184
42,185
42,186
42,187
42,188
42,189
42,190
43,135
43,136
43,137
43,138
44,148
44,149
44,150
44,151
44,152
44,153
44,154
44,155
44,156
44,157
44,158
44,159
44,160
44,161
44,162
44,163
44,164
44,165
44,166
45,432
45,433
45,434
45,435
45,436
45,437
45,438
45,439
45,440
45,441
45,442
45,443
45,444
45,445
45,446
45,447
45,448
45,449
45,450
45,451
45,452
45,453
45,454
45,455
45,456
45,457
45,458
45,459
46,432
46,433
46,434
46,435
46,436
46,437
46,438
46,439
46,440
46,441
46,442
46,443
46,444
46,445
46,446
46,447
46,448
46,449
46,450
46,451
46,452
46,453
46,454
46,455
46,456
46,457
46,458
46,459
47,135
47,136
47,137
47,138
48,135
48,136
48,137
48,138
49,460
49,461
50,183
50,184
50,185
50,186
50,187
50,188
50,189
50,190
51,291
51,292
51,293
51,294
51,295
51,296
51,297
51,298
51,299
51,300
51,301
51,302
51,303
51,304
51,305
51,306
51,307
51,308
51,309
51,310
51,311
51,312
51,313
51,314
52,291
52,292
52,293
52,294
52,295
52,296
52,297
52,298
52,299
52,300
52,301
52,302
52,303
52,304
52,305
52,306
52,307
52,308
52,309
52,310
52,311
52,312
52,313
52,314
53,291
53,292
53,293
53,294
53,295
53,296
53,297
53,298
53,299
53,300
53,301
53,302
53,303
53,304
53,305
53,306
53,307
53,308
53,309
53,310
53,311
53,312
53,313
53,314
54,315
54,316
54,317
54,318
54,319
54,320
54,321
54,322
54,323
54,324
54,325
55,248
55,249
55,250
55,251
55,252
55,253
55,254
55,255
55,256
55,257
55,258
55,259
55,260
55,261
55,262
55,263
55,264
55,265
55,266
55,267
55,268
55,269
55,270
55,271
55,272
55,273
55,274
55,275
55,276
55,277
55,278
55,279
55,280
55,281
55,282
55,283
55,284
55,285
55,286
55,287
55,288
55,289
55,290
56,113
56,114
56,115
56,116
56,117
56,118
56,119
56,120
56,121
56,122
56,123
56,124
56,125
56,126
56,127
56,128
56,129
56,130
56,131
56,132
56,133
56,134
57,291
57,292
57,293
57,294
57,295
57,296
57,297
57,298
57,299
57,300
57,301
57,302
57,303
57,304
57,305
57,306
57,307
57,308
57,309
57,310
57,311
57,312
57,313
57,314
58,0
58,1
58,2
58,3
58,4
58,5
58,6
58,7
58,8
58,9
58,10
58,11
58,12
58,13
58,14
58,15
58,16
58,17
58,18
58,19
58,20
58,21
58,22
58,23
58,24
58,25
58,26
58,27
58,28
58,29
58,30
58,31
59,0
59,1
59,2
59,3
59,4
59,5
59,6
59,7
59,8
59,9
59,10
59,11
59,12
59,13
59,14
59,15
59,16
59,17
59,18
59,19
59,20
59,21
59,22
59,23
59,24
59,25
59,26
59,27
59,28
59,29
59,30
59,31
60,485
60,486
61,291
61,292
61,293
61,294
61,295
61,296
61,297
61,298
61,299
61,300
61,301
61,302
61,303
61,304
61,305
61,306
61,307
61,308
61,309
61,310
61,311
61,312
61,313
61,314
62,386
62,387
62,388
62,389
62,390
62,391
62,392
62,393
62,394
62,395
62,396
62,397
62,398
62,399
62,400
62,401
62,402
62,403
62,404
62,405
62,406
62,407
62,408
62,409
62,410
62,411
62,412
62,413
62,414
62,415
62,416
62,417
62,418
62,419
62,420
62,421
62,422
62,423
62,424
62,425
62,426
62,427
62,428
62,429
62,430
62,431
63,0
63,1
63,2
63,3
63,4
63,5
63,6
63,7
63,8
63,9
63,10
63,11
63,12
63,13
63,14
63,15
63,16
63,17
63,18
63,19
63,20
63,21
63,22
63,23
63,24
63,25
63,26
63,27
63,28
63,29
63,30
63,31
64,0
64,1
64,2
64,3
64,4
64,5
64,6
64,7
64,8
64,9
64,10
64,11
64,12
64,13
64,14
64,15
64,16
64,17
64,18
64,19
64,20
64,21
64,22
64,23
64,24
64,25
64,26
64,27
64,28
64,29
64,30
64,31
65,135
65,136
65,137
65,138
66,291
66,292
66,293
66,294
66,295
66,296
66,297
66,298
66,299
66,300
66,301
66,302
66,303
66,304
66,305
66,306
66,307
66,308
66,309
66,310
66,311
66,312
66,313
66,314
67,220
67,221
67,222
67,223
67,224
67,225
67,226
67,227
67,228
67,229
67,230
67,231
67,232
67,233
67,234
67,235
67,236
67,237
67,238
67,239
67,240
67,241
67,242
67,243
67,244
67,245
67,246
67,247
68,315
68,316
68,317
68,318
68,319
68,320
68,321
68,322
68,323
68,324
68,325
69,386
69,387
69,388
69,389
69,390
69,391
69,392
69,393
69,394
69,395
69,396
69,397
69,398
69,399
69,400
69,401
69,402
69,403
69,404
69,405
69,406
69,407
69,408
69,409
69,410
69,411
69,412
69,413
69,414
69,415
69,416
69,417
69,418
69,419
69,420
69,421
69,422
69,423
69,424
69,425
69,426
69,427
69,428
69,429
69,430
69,431
70,432
70,433
70,434
70,435
70,436
70,437
70,438
70,439
70,440
70,441
70,442
70,443
70,444
70,445
70,446
70,447
70,448
70,449
70,450
70,451
70,452
70,453
70,454
70,455
70,456
70,457
70,458
70,459
71,432
71,433
71,434
71,435
71,436
71,437
71,438
71,439
71,440
71,441
71,442
71,443
71,444
71,445
71,446
71,447
71,448
71,449
71,450
71,451
71,452
71,453
71,454
71,455
71,456
71,457
71,458
71,459
72,386
72,387
72,388
72,389
72,390
72,391
72,392
72,393
72,394
72,395
72,396
72,397
72,398
72,399
72,400
72,401
72,402
72,403
72,404
72,405
72,406
72,407
72,408
72,409
72,410
72,411
72,412
72,413
72,414
72,415
72,416
72,417
72,418
72,419
72,420
72,421
72,422
72,423
72,424
72,425
72,426
72,427
72,428
72,429
72,430
72,431
73,0
73,1
73,2
73,3
73,4
73,5
73,6
73,7
73,8
73,9
73,10
73,11
73,12
73,13
73,14
73,15
73,16
73,17
73,18
73,19
73,20
73,21
73,22
73,23
73,24
73,25
73,26
73,27
73,28
73,29
73,30
73,31
74,0
74,1
74,2
74,3
74,4
74,5
74,6
74,7
74,8
74,9
74,10
74,11
74,12
74,13
74,14
74,15
74,16
74,17
74,18
74,19
74,20
74,21
74,22
74,23
74,24
74,25
74,26
74,27
74,28
74,29
74,30
74,31
75,291
75,292
75,293
75,294
75,295
75,296
75,297
75,298
75,299
75,300
75,301
75,302
75,303
75,304
75,305
75,306
75,307
75,308
75,309
75,310
75,311
75,312
75,313
75,314
76,315
76,316
76,317
76,318
76,319
76,320
76,321
76,322
76,323
76,324
76,325
77,487
77,488
77,489
77,490
77,491
77,492
78,183
78,184
78,185
78,186
78,187
78,188
78,189
78,190
79,135
79,136
79,137
79,138
80,0
80,1
80,2
80,3
80,4
80,5
80,6
80,7
80,8
80,9
80,10
80,11
80,12
80,13
80,14
80,15
80,16
80,17
80,18
80,19
80,20
80,21
80,22
80,23
80,24
80,25
80,26
80,27
80,28
80,29
80,30
80,31
81,291
81,292
81,293
81,294
81,295
81,296
81,297
81,298
81,299
81,300
81,301
81,302
81,303
81,304
81,305
81,306
81,307
81,308
81,309
81,310
81,311
81,312
81,313
81,314
82,487
82,488
82,489
82,490
82,491
82,492
83,291
83,292
83,293
83,294
83,295
83,296
83,297
83,298
83,299
83,300
83,301
83,302
83,303
83,304
83,305
83,306
83,307
83,308
83,309
83,310
83,311
83,312
83,313
83,314
84,386
84,387
84,388
84,389
84,390
84,391
84,392
84,393
84,394
84,395
84,396
84,397
84,398
84,399
84,400
84,401
84,402
84,403
84,404
84,405
84,406
84,407
84,408
84,409
84,410
84,411
84,412
84,413
84,414
84,415
84,416
84,417
84,418
84,419
84,420
84,421
84,422
84,423
84,424
84,425
84,426
84,427
84,428
84,429
84,430
84,431
85,135
85,136
85,137
85,138
86,139
86,140
86,141
86,142
86,143
86,144
86,145
86,146
86,147
87,0
87,1
87,2
87,3
87,4
87,5
87,6
87,7
87,8
87,9
87,10
87,11
87,12
87,13
87,14
87,15
87,16
87,17
87,18
87,19
87,20
87,21
87,22
87,23
87,24
87,25
87,26
87,27
87,28
87,29
87,30
87,31
88,0
88,1
88,2
88,3
88,4
88,5
88,6
88,7
88,8
88,9
88,10
88,11
88,12
88,13
88,14
88,15
88,16
88,17
88,18
88,19
88,20
88,21
88,22
88,23
88,24
88,25
88,26
88,27
88,28
88,29
88,30
88,31
89,0
89,1
89,2
89,3
89,4
89,5
89,6
89,7
89,8
89,9
89,10
89,11
89,12
89,13
89,14
89,15
89,16
89,17
89,18
89,19
89,20
89,21
89,22
89,23
89,24
89,25
89,26
89,27
89,28
89,29
89,30
89,31
90,487
90,488
90,489
90,490
90,491
90,492
91,135
91,136
91,137
91,138
92,291
92,292
92,293
92,294
92,295
92,296
92,297
92,298
92,299
92,300
92,301
92,302
92,303
92,304
92,305
92,306
92,307
92,308
92,309
92,310
92,311
92,312
92,313
92,314
93,460
93,461
94,183
94,184
94,185
94,186
94,187
94,188
94,189
94,190
95,183
95,184
95,185
95,186
95,187
95,188
95,189
95,190
96,0
96,1
96,2
96,3
96,4
96,5
96,6
96,7
96,8
96,9
96,10
96,11
96,12
96,13
96,14
96,15
96,16
96,17
96,18
96,19
96,20
96,21
96,22
96,23
96,24
96,25
96,26
96,27
96,28
96,29
96,30
96,31
97,315
97,316
97,317
97,318
97,319
97,320
97,321
97,322
97,323
97,324
97,325
98,148
98,149
98,150
98,151
98,152
98,153
98,154
98,155
98,156
98,157
98,158
98,159
98,160
98,161
98,162
98,163
98,164
98,165
98,166
99,148
99,149
99,150
99,151
99,152
99,153
99,154
99,155
99,156
99,157
99,158
99,159
99,160
99,161
99,162
99,163
99,164
99,165
99,166
100,167
100,168
100,169
100,170
100,171
100,172
100,173
100,174
100,175
100,176
100,177
100,178
100,179
100,180
100,181
100,182
101,0
101,1
101,2
101,3
101,4
101,5
101,6
101,7
101,8
101,9
101,10
101,11
101,12
101,13
101,14
101,15
101,16
101,17
101,18
101,19
101,20
101,21
101,22
101,23
101,24
101,25
101,26
101,27
101,28
101,29
101,30
101,31
102,0
102,1
102,2
102,3
102,4
102,5
102,6
102,7
102,8
102,9
102,10
102,11
102,12
102,13
102,14
102,15
102,16
102,17
102,18
102,19
102,20
102,21
102,22
102,23
102,24
102,25
102,26
102,27
102,28
102,29
102,30
102,31
103,135
103,136
103,137
103,138
104,315
104,316
104,317
104,318
104,319
104,320
104,321
104,322
104,323
104,324
104,325
105,291
105,292
105,293
105,294
105,295
105,296
105,297
105,298
105,299
105,300
105,301
105,302
105,303
105,304
105,305
105,306
105,307
105,308
105,309
105,310
105,311
105,312
105,313
105,314
106,0
106,1
106,2
106,3
106,4
106,5
106,6
106,7
106,8
106,9
106,10
106,11
106,12
106,13
106,14
106,15
106,16
106,17
106,18
106,19
106,20
106,21
106,22
106,23
106,24
106,25
106,26
106,27
106,28
106,29
106,30
106,31
107,460
107,461
108,167
108,168
108,169
108,170
108,171
108,172
108,173
108,174
108,175
108,176
108,177
108,178
108,179
108,180
108,181
108,182
109,197
109,198
109,199
109,200
109,201
109,202
109,203
109,204
109,205
109,206
109,207
109,208
109,209
109,210
109,211
109,212
109,213
109,214
109,215
109,216
109,217
109,218
109,219
110,0
110,1
110,2
110,3
110,4
110,5
110,6
110,7
110,8
110,9
110,10
110,11
110,12
110,13
110,14
110,15
110,16
110,17
110,18
110,19
110,20
110,21
110,22
110,23
110,24
110,25
110,26
110,27
110,28
110,29
110,30
110,31
111,0
111,1
111,2
111,3
111,4
111,5
111,6
111,7
111,8
111,9
111,10
111,11
111,12
111,13
111,14
111,15
111,16
111,17
111,18
111,19
111,20
111,21
111,22
111,23
111,24
111,25
111,26
111,27
111,28
111,29
111,30
111,31
112,315
112,316
112,317
112,318
112,319
112,320
112,321
112,322
112,323
112,324
112,325
113,148
113,149
113,150
113,151
113,152
113,153
113,154
113,155
113,156
113,157
113,158
113,159
113,160
113,161
113,162
113,163
113,164
113,165
113,166
114,460
114,461
115,291
115,292
115,293
115,294
115,295
115,296
115,297
115,298
115,299
115,300
115,301
115,302
115,303
115,304
115,305
115,306
115,307
115,308
115,309
115,310
115,311
115,312
115,313
115,314
116,371
116,372
116,373
116,374
116,375
116,376
116,377
116,378
116,379
116,380
116,381
116,382
116,383
116,384
116,385
117,291
117,292
117,293
117,294
117,295
117,296
117,297
117,298
117,299
117,300
117,301
117,302
117,303
117,304
117,305
117,306
117,307
117,308
117,309
117,310
117,311
117,312
117,313
117,314
118,386
118,387
118,388
118,389
118,390
118,391
118,392
118,393
118,394
118,395
118,396
118,397
118,398
118,399
118,400
118,401
118,402
118,403
118,404
118,405
118,406
118,407
118,408
118,409
118,410
118,411
118,412
118,413
118,414
118,415
118,416
118,417
118,418
118,419
118,420
118,421
118,422
118,423
118,424
118,425
118,426
118,427
118,428
118,429
118,430
118,431
119,386
119,387
119,388
119,389
119,390
119,391
119,392
119,393
119,394
119,395
119,396
119,397
119,398
119,399
119,400
119,401
119,402
119,403
119,404
119,405
119,406
119,407
119,408
119,409
119,410
119,411
119,412
119,413
119,414
119,415
119,416
119,417
119,418
119,419
119,420
119,421
119,422
119,423
119,424
119,425
119,426
119,427
119,428
119,429
119,430
119,431
120,248
120,249
120,250
120,251
120,252
120,253
120,254
120,255
120,256
120,257
120,258
120,259
120,260
120,261
120,262
120,263
120,264
120,265
120,266
120,267
120,268
120,269
120,270
120,271
120,272
120,273
120,274
120,275
120,276
120,277
120,278
120,279
120,280
120,281
120,282
120,283
120,284
120,285
120,286
120,287
120,288
120,289
120,290
121,183
121,184
121,185
121,186
121,187
121,188
121,189
121,190
122,371
122,372
122,373
122,374
122,375
122,376
122,377
122,378
122,379
122,380
122,381
122,382
122,383
122,384
122,385
123,371
123,372
123,373
123,374
123,375
123,376
123,377
123,378
123,379
123,380
123,381
123,382
123,383
123,384
123,385
124,432
124,433
124,434
124,435
124,436
124,437
124,438
124,439
124,440
124,441
124,442
124,443
124,444
124,445
124,446
124,447
124,448
124,449
124,450
124,451
124,452
124,453
124,454
124,455
124,456
124,457
124,458
124,459
125,0
125,1
125,2
125,3
125,4
125,5
125,6
125,7
125,8
125,9
125,10
125,11
125,12
125,13
125,14
125,15
125,16
125,17
125,18
125,19
125,20
125,21
125,22
125,23
125,24
125,25
125,26
125,27
125,28
125,29
125,30
125,31
126,432
126,433
126,434
126,435
126,436
126,437
126,438
126,439
126,440
126,441
126,442
126,443
126,444
126,445
126,446
126,447
126,448
126,449
126,450
126,451
126,452
126,453
126,454
126,455
126,456
126,457
126,458
126,459
127,0
127,1
127,2
127,3
127,4
127,5
127,6
127,7
127,8
127,9
127,10
127,11
127,12
127,13
127,14
127,15
127,16
127,17
127,18
127,19
127,20
127,21
127,22
127,23
127,24
127,25
127,26
127,27
127,28
127,29
127,30
127,31
128,0
128,1
128,2
128,3
128,4
128,5
128,6
128,7
128,8
128,9
128,10
128,11
128,12
128,13
128,14
128,15
128,16
128,17
128,18
128,19
128,20
128,21
128,22
128,23
128,24
128,25
128,26
128,27
128,28
128,29
128,30
128,31
129,0
129,1
129,2
129,3
129,4
129,5
129,6
129,7
129,8
129,9
129,10
129,11
129,12
129,13
129,14
129,15
129,16
129,17
129,18
129,19
129,20
129,21
129,22
129,23
129,24
129,25
129,26
129,27
129,28
129,29
129,30
129,31
130,183
130,184
130,185
130,186
130,187
130,188
130,189
130,190
131,291
131,292
131,293
131,294
131,295
131,296
131,297
131,298
131,299
131,300
131,301
131,302
131,303
131,304
131,305
131,306
131,307
131,308
131,309
131,310
131,311
131,312
131,313
131,314
132,197
132,198
132,199
132,200
132,201
132,202
132,203
132,204
132,205
132,206
132,207
132,208
132,209
132,210
132,211
132,212
132,213
132,214
132,215
132,216
132,217
132,218
132,219
133,291
133,292
133,293
133,294
133,295
133,296
133,297
133,298
133,299
133,300
133,301
133,302
133,303
133,304
133,305
133,306
133,307
133,308
133,309
133,310
133,311
133,312
133,313
133,314
134,139
134,140
134,141
134,142
134,143
134,144
134,145
134,146
134,147
135,167
135,168
135,169
135,170
135,171
135,172
135,173
135,174
135,175
135,176
135,177
135,178
135,179
135,180
135,181
135,182
136,432
136,433
136,434
136,435
136,436
136,437
136,438
136,439
136,440
136,441
136,442
136,443
136,444
136,445
136,446
136,447
136,448
136,449
136,450
136,451
136,452
136,453
136,454
136,455
136,456
136,457
136,458
136,459
137,291
137,292
137,293
137,294
137,295
137,296
137,297
137,298
137,299
137,300
137,301
137,302
137,303
137,304
137,305
137,306
137,307
137,308
137,309
137,310
137,311
137,312
137,313
137,314
138,291
138,292
138,293
138,294
138,295
138,296
138,297
138,298
138,299
138,300
138,301
138,302
138,303
138,304
138,305
138,306
138,307
138,308
138,309
138,310
138,311
138,312
138,313
138,314
139,113
139,114
139,115
139,116
139,117
139,118
139,119
139,120
139,121
139,122
139,123
139,124
139,125
139,126
139,127
139,128
139,129
139,130
139,131
139,132
139,133
139,134
140,315
140,316
140,317
140,318
140,319
140,320
140,321
140,322
140,323
140,324
140,325
141,386
141,387
141,388
141,389
141,390
141,391
141,392
141,393
141,394
141,395
141,396
141,397
141,398
141,399
141,400
141,401
141,402
141,403
141,404
141,405
141,406
141,407
141,408
141,409
141,410
141,411
141,412
141,413
141,414
141,415
141,416
141,417
141,418
141,419
141,420
141,421
141,422
141,423
141,424
141,425
141,426
141,427
141,428
141,429
141,430
141,431
142,135
142,136
142,137
142,138
143,0
143,1
143,2
143,3
143,4
143,5
143,6
143,7
143,8
143,9
143,10
143,11
143,12
143,13
143,14
143,15
143,16
143,17
143,18
143,19
143,20
143,21
143,22
143,23
143,24
143,25
143,26
143,27
143,28
143,29
143,30
143,31
144,291
144,292
144,293
144,294
144,295
144,296
144,297
144,298
144,299
144,300
144,301
144,302
144,303
144,304
144,305
144,306
144,307
144,308
144,309
144,310
144,311
144,312
144,313
144,314
145,0
145,1
145,2
145,3
145,4
145,5
145,6
145,7
145,8
145,9
145,10
145,11
145,12
145,13
145,14
145,15
145,16
145,17
145,18
145,19
145,20
145,21
145,22
145,23
145,24
145,25
145,26
145,27
145,28
145,29
145,30
145,31
146,220
146,221
146,222
146,223
146,224
146,225
146,226
146,227
146,228
146,229
146,230
146,231
146,232
146,233
146,234
146,235
146,236
146,237
146,238
146,239
146,240
146,241
146,242
146,243
146,244
146,245
146,246
146,247
147,460
147,461
148,135
148,136
148,137
148,138
149,135
149,136
149,137
149,138
150,487
150,488
150,489
150,490
150,491
150,492
151,326
151,327
151,328
151,329
151,330
151,331
151,332
151,333
151,334
151,335
151,336
151,337
151,338
151,339
151,340
151,341
151,342
151,343
151,344
151,345
151,346
151,347
151,348
151,349
151,350
151,351
151,352
151,353
151,354
151,355
151,356
151,357
151,358
151,359
151,360
151,361
151,362
151,363
151,364
151,365
151,366
151,367
152,197
152,198
152,199
152,200
152,201
152,202
152,203
152,204
152,205
152,206
152,207
152,208
152,209
152,210
152,211
152,212
152,213
152,214
152,215
152,216
152,217
152,218
152,219
153,0
153,1
153,2
153,3
153,4
153,5
153,6
153,7
153,8
153,9
153,10
153,11
153,12
153,13
153,14
153,15
153,16
153,17
153,18
153,19
153,20
153,21
153,22
153,23
153,24
153,25
153,26
153,27
153,28
153,29
153,30
153,31
154,0
154,1
154,2
154,3
154,4
154,5
154,6
154,7
154,8
154,9
154,10
154,11
154,12
154,13
154,14
154,15
154,16
154,17
154,18
154,19
154,20
154,21
154,22
154,23
154,24
154,25
154,26
154,27
154,28
154,29
154,30
154,31
155,432
155,433
155,434
155,435
155,436
155,437
155,438
155,439
155,440
155,441
155,442
155,443
155,444
155,445
155,446
155,447
155,448
155,449
155,450
155,451
155,452
155,453
155,454
155,455
155,456
155,457
155,458
155,459
156,371
156,372
156,373
156,374
156,375
156,376
156,377
156,378
156,379
156,380
156,381
156,382
156,383
156,384
156,385
157,0
157,1
157,2
157,3
157,4
157,5
157,6
157,7
157,8
157,9
157,10
157,11
157,12
157,13
157,14
157,15
157,16
157,17
157,18
157,19
157,20
157,21
157,22
157,23
157,24
157,25
157,26
157,27
157,28
157,29
157,30
157,31
158,479
158,480
158,481
158,482
158,483
158,484
159,432
159,433
159,434
159,435
159,436
159,437
159,438
159,439
159,440
159,441
159,442
159,443
159,444
159,445
159,446
159,447
159,448
159,449
159,450
159,451
159,452
159,453
159,454
159,455
159,456
159,457
159,458
159,459
160,135
160,136
160,137
160,138
161,148
161,149
161,150
161,151
161,152
161,153
161,154
161,155
161,156
161,157
161,158
161,159
161,160
161,162
161,163
161,164
161,165
161,166
162,0
162,1
162,2
162,3
162,4
162,5
162,6
162,7
162,8
162,9
162,10
162,11
162,12
162,13
162,14
162,15
162,16
162,17
162,18
162,19
162,20
162,21
162,22
162,23
162,24
162,25
162,26
162,27
162,28
162,29
162,30
162,31
163,493
163,494
163,495
163,496
164,0
164,1
164,2
164,3
164,4
164,5
164,6
164,7
164,8
164,9
164,10
164,11
164,12
164,13
164,14
164,15
164,16
164,17
164,18
164,19
164,20
164,21
164,22
164,23
164,24
164,25
164,26
164,27
164,28
164,29
164,30
164,31
165,220
165,221
165,222
165,223
165,224
165,225
165,226
165,227
165,228
165,229
165,230
165,231
165,232
165,233
165,234
165,235
165,236
165,237
165,238
165,239
165,240
165,241
165,242
165,243
165,244
165,245
165,246
165,247
166,460
166,461
167,0
167,1
167,2
167,3
167,4
167,5
167,6
167,7
167,8
167,9
167,10
167,11
167,12
167,13
167,14
167,15
167,16
167,17
167,18
167,19
167,20
167,21
167,22
167,23
167,24
167,25
167,26
167,27
167,28
167,29
167,30
167,31
168,148
168,149
168,150
168,151
168,152
168,153
168,154
168,155
168,156
168,157
168,158
168,159
168,160
168,161
168,162
168,163
168,164
168,165
168,166
169,460
169,461
170,183
170,184
170,185
170,186
170,187
170,188
170,189
170,190
171,135
171,136
171,137
171,138
172,291
172,292
172,293
172,294
172,295
172,296
172,297
172,298
172,299
172,300
172,301
172,302
172,303
172,304
172,305
172,306
172,307
172,308
172,309
172,310
172,311
172,312
172,313
172,314
173,0
173,1
173,2
173,3
173,4
173,5
173,6
173,7
173,8
173,9
173,10
173,11
173,12
173,13
173,14
173,15
173,16
173,17
173,18
173,19
173,20
173,21
173,22
173,23
173,24
173,25
173,26
173,27
173,28
173,29
173,30
173,31
174,183
174,184
174,185
174,186
174,187
174,188
174,189
174,190
175,291
175,292
175,293
175,294
175,295
175,296
175,297
175,298
175,299
175,300
175,301
175,302
175,303
175,304
175,305
175,306
175,307
175,308
175,309
175,310
175,311
175,312
175,313
175,314
176,0
176,1
176,2
176,3
176,4
176,5
176,6
176,7
176,8
176,9
176,10
176,11
176,12
176,13
176,14
176,15
176,16
176,17
176,18
176,19
176,20
176,21
176,22
176,23
176,24
176,25
176,26
176,27
176,28
176,29
176,30
176,31
177,487
177,488
177,489
177,490
177,491
177,492
178,148
178,149
178,150
178,151
178,152
178,153
178,154
178,155
178,156
178,157
178,158
178,159
178,160
178,161
178,162
178,163
178,164
178,165
178,166
179,460
179,461
180,291
180,292
180,293
180,294
180,295
180,296
180,297
180,298
180,299
180,300
180,301
180,302
180,303
180,304
180,305
180,306
180,307
180,308
180,309
180,310
180,311
180,312
180,313
180,314
181,0
181,1
181,2
181,3
181,4
181,5
181,6
181,7
181,8
181,9
181,10
181,11
181,12
181,13
181,14
181,15
181,16
181,17
181,18
181,19
181,20
181,21
181,22
181,23
181,24
181,25
181,26
181,27
181,28
181,29
181,30
181,31
182,113
182,114
182,115
182,116
182,117
182,118
182,119
182,120
182,121
182,122
182,123
182,124
182,125
182,126
182,127
182,128
182,129
182,130
182,131
182,132
182,133
182,134
183,184
183,185
183,186
183,187
183,188
183,189
183,190
184,291
184,292
184,293
184,294
184,295
184,296
184,297
184,298
184,299
184,300
184,301
184,302
184,303
184,304
184,305
184,306
184,307
184,308
184,309
184,310
184,311
184,312
184,313
184,314
185,291
185,292
185,293
185,294
185,295
185,296
185,297
185,298
185,299
185,300
185,301
185,302
185,303
185,304
185,305
185,306
185,307
185,308
185,309
185,310
185,311
185,312
185,313
185,314
186,197
186,198
186,199
186,200
186,201
186,202
186,203
186,204
186,205
186,206
186,207
186,208
186,209
186,210
186,211
186,212
186,213
186,214
186,215
186,216
186,217
186,218
186,219
187,386
187,387
187,388
187,389
187,390
187,391
187,392
187,393
187,394
187,395
187,396
187,397
187,398
187,399
187,400
187,401
187,402
187,403
187,404
187,405
187,406
187,407
187,408
187,409
187,410
187,411
187,412
187,413
187,414
187,415
187,416
187,417
187,418
187,419
187,420
187,421
187,422
187,423
187,424
187,425
187,426
187,427
187,428
187,429
187,430
187,431
188,113
188,114
188,115
188,116
188,117
188,118
188,119
188,120
188,121
188,122
188,123
188,124
188,125
188,126
188,127
188,128
188,129
188,130
188,131
188,132
188,133
188,134
189,220
189,221
189,222
189,223
189,224
189,225
189,226
189,227
189,228
189,229
189,230
189,231
189,232
189,233
189,234
189,235
189,236
189,237
189,238
189,239
189,240
189,241
189,242
189,243
189,244
189,245
189,246
189,247
190,371
190,372
190,373
190,374
190,375
190,376
190,377
190,378
190,379
190,380
190,381
190,382
190,383
190,384
190,385
191,371
191,372
191,373
191,374
191,375
191,376
191,377
191,378
191,379
191,380
191,381
191,382
191,383
191,384
191,385
192,0
192,1
192,2
192,3
192,4
192,5
192,6
192,7
192,8
192,9
192,10
192,11
192,12
192,13
192,14
192,15
192,16
192,17
192,18
192,19
192,20
192,21
192,22
192,23
192,24
192,25
192,26
192,27
192,28
192,29
192,30
192,31
193,167
193,168
193,169
193,170
193,171
193,172
193,173
193,174
193,175
193,176
193,177
193,178
193,179
193,180
193,181
193,182
194,487
194,488
194,489
194,490
194,491
194,492
195,248
195,249
195,250
195,251
195,252
195,253
195,254
195,255
195,256
195,257
195,258
195,259
195,260
195,261
195,262
195,263
195,264
195,265
195,266
195,267
195,268
195,269
195,270
195,271
195,272
195,273
195,274
195,275
195,276
195,277
195,278
195,279
195,280
195,281
195,282
195,283
195,284
195,285
195,286
195,287
195,288
195,289
195,290
196,148
196,149
196,150
196,151
196,152
196,153
196,154
196,155
196,156
196,157
196,158
196,159
196,160
196,161
196,162
196,163
196,164
196,165
196,166
197,220
197,221
197,222
197,223
197,224
197,225
197,226
197,227
197,228
197,229
197,230
197,231
197,232
197,233
197,234
197,235
197,236
197,237
197,238
197,239
197,240
197,241
197,242
197,243
197,244
197,245
197,246
197,247
198,0
198,1
198,2
198,3
198,4
198,5
198,6
198,7
198,8
198,9
198,10
198,11
198,12
198,13
198,14
198,15
198,16
198,17
198,18
198,19
198,20
198,21
198,22
198,23
198,24
198,25
198,26
198,27
198,28
198,29
198,30
198,31
199,315
199,316
199,317
199,318
199,319
199,320
199,321
199,322
199,323
199,324
199,325
200,148
200,149
200,150
200,151
200,152
200,153
200,154
200,155
200,156
200,157
200,158
200,159
200,160
200,161
200,162
200,163
200,164
200,165
200,166
201,183
201,184
201,185
201,186
201,187
201,188
201,189
201,190
202,460
202,461
203,135
203,136
203,137
203,138
204,386
204,387
204,388
204,389
204,390
204,391
204,392
204,393
204,394
204,395
204,396
204,397
204,398
204,399
204,400
204,401
204,402
204,403
204,404
204,405
204,406
204,407
204,408
204,409
204,410
204,411
204,412
204,413
204,414
204,415
204,416
204,417
204,418
204,419
204,420
204,421
204,422
204,423
204,424
204,425
204,426
204,427
204,428
204,429
204,430
204,431
205,291
205,292
205,293
205,294
205,295
205,296
205,297
205,298
205,299
205,300
205,301
205,302
205,303
205,304
205,305
205,306
205,307
205,308
205,309
205,310
205,311
205,312
205,313
205,314
206,462
206,463
206,464
206,465
206,466
206,467
206,468
206,469
206,470
206,471
206,472
206,473
206,474
206,475
206,476
206,477
206,478
207,248
207,249
207,250
207,251
207,252
207,253
207,254
207,255
207,256
207,257
207,258
207,259
207,260
207,261
207,262
207,263
207,264
207,265
207,266
207,267
207,268
207,269
207,270
207,271
207,272
207,273
207,274
207,275
207,276
207,277
207,278
207,279
207,280
207,281
207,282
207,283
207,284
207,285
207,286
207,287
207,288
207,289
207,290
208,462
208,463
208,464
208,465
208,466
208,467
208,468
208,469
208,470
208,471
208,472
208,473
208,474
208,475
208,476
208,477
208,478
209,0
209,1
209,2
209,3
209,4
209,5
209,6
209,7
209,8
209,9
209,10
209,11
209,12
209,13
209,14
209,15
209,16
209,17
209,18
209,19
209,20
209,21
209,22
209,23
209,24
209,25
209,26
209,27
209,28
209,29
209,30
209,31
210,135
210,136
210,137
210,138
211,0
211,1
211,2
211,3
211,4
211,5
211,6
211,7
211,8
211,9
211,10
211,11
211,12
211,13
211,14
211,15
211,16
211,17
211,18
211,19
211,20
211,21
211,22
211,23
211,24
211,25
211,26
211,27
211,28
211,29
211,30
211,31
212,135
212,136
212,137
212,138
213,371
213,372
213,373
213,374
213,375
213,376
213,377
213,378
213,379
213,380
213,381
213,382
213,383
213,384
213,385
214,479
214,480
214,481
214,482
214,483
214,484
215,371
215,372
215,373
215,374
215,375
215,376
215,377
215,378
215,379
215,380
215,381
215,382
215,383
215,384
215,385
216,371
216,372
216,373
216,374
216,375
216,376
216,377
216,378
216,379
216,380
216,381
216,382
216,383
216,384
216,385
217,183
217,184
217,185
217,186
217,187
217,188
217,189
217,190
218,487
218,488
218,489
218,490
218,491
218,492
219,315
219,316
219,317
219,318
219,319
219,320
219,321
219,322
219,323
219,324
219,325
220,493
220,494
220,495
220,496
221,0
221,1
221,2
221,3
221,4
221,5
221,6
221,7
221,8
221,9
221,10
221,11
221,12
221,13
221,14
221,15
221,16
221,17
221,18
221,19
221,20
221,21
221,22
221,23
221,24
221,25
221,26
221,27
221,28
221,29
221,30
221,31
222,386
222,387
222,388
222,389
222,390
222,391
222,392
222,393
222,394
222,395
222,396
222,397
222,398
222,399
222,400
222,401
222,402
222,403
222,404
222,405
222,406
222,407
222,408
222,409
222,410
222,411
222,412
222,413
222,414
222,415
222,416
222,417
222,418
222,419
222,420
222,421
222,422
222,423
222,424
222,425
222,426
222,427
222,428
222,429
222,430
222,431
223,135
223,136
223,137
223,138
224,183
224,184
224,185
224,186
224,187
224,188
224,189
224,190
225,386
225,387
225,388
225,389
225,390
225,391
225,392
225,393
225,394
225,395
225,396
225,397
225,398
225,399
225,400
225,401
225,402
225,403
225,404
225,405
225,406
225,407
225,408
225,409
225,410
225,411
225,412
225,413
225,414
225,415
225,416
225,417
225,418
225,419
225,420
225,421
225,422
225,423
225,424
225,425
225,426
225,427
225,428
225,429
225,430
225,431
226,135
226,136
226,137
226,138
227,386
227,387
227,388
227,389
227,390
227,391
227,392
227,393
227,394
227,395
227,396
227,397
227,398
227,399
227,400
227,401
227,402
227,403
227,404
227,405
227,406
227,407
227,408
227,409
227,410
227,411
227,412
227,413
227,414
227,415
227,416
227,417
227,418
227,419
227,420
227,421
227,422
227,423
227,424
227,425
227,426
227,427
227,428
227,429
227,430
227,431
228,0
228,1
228,2
228,3
228,4
228,5
228,6
228,7
228,8
228,9
228,10
228,11
228,12
228,13
228,14
228,15
228,16
228,17
228,18
228,19
228,20
228,21
228,22
228,23
228,24
228,25
228,26
228,27
228,28
228,29
228,30
228,31
229,135
229,136
229,137
229,138
230,135
230,136
230,137
230,138
231,0
231,1
231,2
231,3
231,4
231,5
231,6
231,7
231,8
231,9
231,10
231,11
231,12
231,13
231,14
231,15
231,16
231,17
231,18
231,19
231,20
231,21
231,22
231,23
231,24
231,25
231,26
231,27
231,28
231,29
231,30
231,31
232,493
232,494
232,495
232,496
233,291
233,292
233,293
233,294
233,295
233,296
233,297
233,298
233,299
233,300
233,301
233,302
233,303
233,304
233,305
233,306
233,307
233,308
233,309
233,310
233,311
233,312
233,313
233,314
234,220
234,221
234,222
234,223
234,224
234,225
234,226
234,227
234,228
234,229
234,230
234,231
234,232
234,233
234,235
234,236
234,237
234,238
234,239
234,240
234,241
234,242
234,243
234,244
234,245
234,246
234,247
235,0
235,1
235,2
235,3
235,4
235,5
235,6
235,7
235,8
235,9
235,10
235,11
235,12
235,13
235,14
235,15
235,16
235,17
235,18
235,19
235,20
235,21
235,22
235,23
235,24
235,25
235,26
235,27
235,28
235,29
235,30
235,31
236,493
236,494
236,495
236,496
237,291
237,292
237,293
237,294
237,295
237,296
237,297
237,298
237,299
237,300
237,301
237,302
237,303
237,304
237,305
237,306
237,307
237,308
237,309
237,310
237,311
237,312
237,313
237,314
238,386
238,387
238,388
238,389
238,390
238,391
238,392
238,393
238,394
238,395
238,396
238,397
238,398
238,399
238,400
238,401
238,402
238,403
238,404
238,405
238,406
238,407
238,408
238,409
238,410
238,411
238,412
238,413
238,414
238,415
238,416
238,417
238,418
238,419
238,420
238,421
238,422
238,423
238,424
238,425
238,426
238,427
238,428
238,429
238,430
238,431
239,0
239,1
239,2
239,3
239,4
239,5
239,6
239,7
239,8
239,9
239,10
239,11
239,12
239,13
239,14
239,15
239,16
239,17
239,18
239,19
239,20
239,21
239,22
239,23
239,24
239,25
239,26
239,27
239,28
239,29
239,30
239,31
240,291
240,292
240,293
240,294
240,295
240,296
240,297
240,298
240,299
240,300
240,301
240,302
240,303
240,304
240,305
240,306
240,307
240,308
240,309
240,310
240,311
240,312
240,313
240,314
241,183
241,184
241,185
241,186
241,187
241,188
241,189
241,190
242,135
242,136
242,137
242,138
243,479
243,480
243,481
243,482
243,483
243,484
244,0
244,1
244,2
244,3
244,4
244,5
244,6
244,7
244,8
244,9
244,10
244,11
244,12
244,13
244,14
244,15
244,16
244,17
244,18
244,19
244,20
244,21
244,22
244,23
244,24
244,25
244,26
244,27
244,28
244,29
244,30
244,31
245,148
245,149
245,150
245,151
245,152
245,153
245,154
245,155
245,156
245,157
245,158
245,159
245,160
245,161
245,162
245,163
245,164
245,165
245,166
246,371
246,372
246,373
246,374
246,375
246,376
246,377
246,378
246,379
246,380
246,381
246,382
246,383
246,384
246,385
247,291
247,292
247,293
247,294
247,295
247,296
247,297
247,298
247,299
247,300
247,301
247,302
247,303
247,304
247,305
247,306
247,307
247,308
247,309
247,310
247,311
247,312
247,313
247,314
248,432
248,433
248,434
248,435
248,436
248,437
248,438
248,439
248,440
248,441
248,442
248,443
248,444
248,445
248,446
248,447
248,448
248,449
248,450
248,451
248,452
248,453
248,454
248,455
248,456
248,457
248,458
248,459
249,460
249,461
250,113
250,114
250,115
250,116
250,117
250,118
250,119
250,120
250,121
250,122
250,123
250,124
250,125
250,126
250,127
250,128
250,129
250,130
250,131
250,132
250,133
250,134
251,183
251,184
251,185
251,186
251,187
251,188
251,189
251,190
252,0
252,1
252,2
252,3
252,4
252,5
252,6
252,7
252,8
252,9
252,10
252,11
252,12
252,13
252,14
252,15
252,16
252,17
252,18
252,19
252,20
252,21
252,22
252,23
252,24
252,25
252,26
252,27
252,28
252,29
252,30
252,31
253,135
253,136
253,137
253,138
254,183
254,184
254,185
254,186
254,187
254,188
254,189
254,190
255,315
255,316
255,317
255,318
255,319
255,320
255,321
255,322
255,323
255,324
255,325
256,0
256,1
256,2
256,3
256,4
256,5
256,6
256,7
256,8
256,9
256,10
256,11
256,12
256,13
256,14
256,15
256,16
256,17
256,18
256,19
256,20
256,21
256,22
256,23
256,24
256,25
256,26
256,27
256,28
256,29
256,30
256,31
257,0
257,1
257,2
257,3
257,4
257,5
257,6
257,7
257,8
257,9
257,10
257,11
257,12
257,13
257,14
257,15
257,16
257,17
257,18
257,19
257,20
257,21
257,22
257,23
257,24
257,25
257,26
257,27
257,28
257,29
257,30
257,31
258,371
258,372
258,373
258,374
258,375
258,376
258,377
258,378
258,379
258,380
258,381
258,382
258,383
258,384
258,385
259,487
259,488
259,489
259,490
259,491
259,492
260,0
260,1
260,2
260,3
260,4
260,5
260,6
260,7
260,8
260,9
260,10
260,11
260,12
260,13
260,14
260,15
260,16
260,17
260,18
260,19
260,20
260,21
260,22
260,23
260,24
260,25
260,26
260,27
260,28
260,29
260,30
260,31
261,135
261,136
261,137
261,138
262,0
262,1
262,2
262,3
262,4
262,5
262,6
262,7
262,8
262,9
262,10
262,11
262,12
262,13
262,14
262,15
262,16
262,17
262,18
262,19
262,20
262,21
262,22
262,23
262,24
262,25
262,26
262,27
262,28
262,29
262,30
262,31
263,315
263,316
263,317
263,318
263,319
263,320
263,321
263,322
263,323
263,324
263,325
264,167
264,168
264,169
264,170
264,171
264,172
264,173
264,174
264,175
264,176
264,177
264,178
264,179
264,180
264,181
264,182
265,248
265,249
265,250
265,251
265,252
265,253
265,254
265,255
265,256
265,257
265,258
265,259
265,260
265,261
265,262
265,263
265,264
265,266
265,267
265,268
265,269
265,270
265,271
265,272
265,273
265,274
265,275
265,276
265,277
265,278
265,279
265,280
265,281
265,282
265,283
265,284
265,285
265,286
265,287
265,288
265,289
265,290
266,386
266,387
266,388
266,389
266,390
266,391
266,392
266,393
266,394
266,395
266,396
266,397
266,398
266,399
266,400
266,401
266,402
266,403
266,404
266,405
266,406
266,407
266,408
266,409
266,410
266,411
266,412
266,413
266,414
266,415
266,416
266,417
266,418
266,419
266,420
266,421
266,422
266,423
266,424
266,425
266,426
266,427
266,428
266,429
266,430
266,431
267,113
267,114
267,115
267,116
267,117
267,118
267,119
267,120
267,121
267,122
267,123
267,124
267,125
267,126
267,127
267,128
267,129
267,130
267,131
267,132
267,133
267,134
268,0
268,1
268,2
268,3
268,4
268,5
268,6
268,7
268,8
268,9
268,10
268,11
268,12
268,13
268,14
268,15
268,16
268,17
268,18
268,19
268,20
268,21
268,22
268,23
268,24
268,25
268,26
268,27
268,28
268,29
268,30
268,31
269,291
269,292
269,293
269,294
269,295
269,296
269,297
269,298
269,299
269,300
269,301
269,302
269,303
269,304
269,305
269,306
269,307
269,308
269,309
269,310
269,311
269,312
269,313
269,314
270,291
270,292
270,293
270,294
270,295
270,296
270,297
270,298
270,299
270,300
270,301
270,302
270,303
270,304
270,305
270,306
270,307
270,308
270,309
270,310
270,311
270,312
270,313
270,314
271,0
271,1
271,2
271,3
271,4
271,5
271,6
271,7
271,8
271,9
271,10
271,11
271,12
271,13
271,14
271,15
271,16
271,17
271,18
271,19
271,20
271,21
271,22
271,23
271,24
271,25
271,26
271,27
271,28
271,29
271,30
271,31
272,135
272,136
272,137
272,138
273,487
273,488
273,489
273,490
273,491
273,492
274,183
274,184
274,185
274,186
274,187
274,188
274,189
274,190
275,291
275,292
275,293
275,294
275,295
275,296
275,297
275,298
275,299
275,300
275,301
275,302
275,303
275,304
275,305
275,306
275,307
275,308
275,309
275,310
275,311
275,312
275,313
275,314
276,197
276,198
276,199
276,200
276,201
276,202
276,203
276,204
276,205
276,206
276,207
276,208
276,209
276,210
276,211
276,212
276,213
276,214
276,215
276,216
276,217
276,218
276,219
277,460
277,461
278,0
278,1
278,2
278,3
278,4
278,5
278,6
278,7
278,8
278,9
278,10
278,11
278,12
278,13
278,14
278,15
278,16
278,17
278,18
278,19
278,20
278,21
278,22
278,23
278,24
278,25
278,26
278,27
278,28
278,29
278,30
278,31
279,315
279,316
279,317
279,318
279,319
279,320
279,321
279,322
279,323
279,324
279,325
280,371
280,372
280,373
280,374
280,375
280,376
280,377
280,378
280,379
280,380
280,381
280,382
280,383
280,384
280,385
281,487
281,488
281,489
281,490
281,491
281,492
282,487
282,488
282,489
282,490
282,491
282,492
283,315
283,316
283,317
283,318
283,319
283,320
283,321
283,322
283,323
283,324
283,325
284,371
284,372
284,373
284,374
284,375
284,376
284,377
284,378
284,379
284,380
284,381
284,382
284,383
284,384
284,385
285,220
285,221
285,222
285,223
285,224
285,225
285,226
285,227
285,228
285,229
285,230
285,231
285,232
285,233
285,234
285,235
285,236
285,237
285,238
285,239
285,240
285,241
285,242
285,243
285,244
285,245
285,246
285,247
286,479
286,480
286,481
286,482
286,483
286,484
287,371
287,372
287,373
287,374
287,375
287,376
287,377
287,378
287,379
287,380
287,381
287,382
287,383
287,384
287,385
288,183
288,184
288,185
288,186
288,187
288,188
288,189
288,190
289,167
289,168
289,169
289,170
289,171
289,172
289,173
289,174
289,175
289,176
289,177
289,178
289,179
289,180
289,181
289,182
290,432
290,433
290,434
290,435
290,436
290,437
290,438
290,439
290,440
290,441
290,442
290,443
290,444
290,445
290,446
290,447
290,448
290,449
290,450
290,451
290,452
290,453
290,454
290,455
290,456
290,457
290,458
290,459
291,183
291,184
291,185
291,186
291,187
291,188
291,189
291,190
292,0
292,1
292,2
292,3
292,4
292,5
292,6
292,7
292,8
292,9
292,10
292,11
292,12
292,13
292,14
292,15
292,16
292,17
292,18
292,19
292,20
292,21
292,22
292,23
292,24
292,25
292,26
292,27
292,28
292,29
292,30
292,31
293,0
293,1
293,2
293,3
293,4
293,5
293,6
293,7
293,8
293,9
293,10
293,11
293,12
293,13
293,14
293,15
293,16
293,17
293,18
293,19
293,20
293,21
293,22
293,23
293,24
293,25
293,26
293,27
293,28
293,29
293,30
293,31
294,183
294,184
294,185
294,186
294,187
294,188
294,189
294,190
295,487
295,488
295,489
295,490
295,491
295,492
296,148
296,149
296,150
296,151
296,152
296,153
296,154
296,155
296,156
296,157
296,158
296,159
296,160
296,161
296,162
296,163
296,164
296,165
296,166
297,386
297,387
297,388
297,389
297,390
297,391
297,392
297,393
297,394
297,395
297,396
297,397
297,398
297,399
297,400
297,401
297,402
297,403
297,404
297,405
297,406
297,407
297,408
297,409
297,410
297,411
297,412
297,413
297,414
297,415
297,416
297,417
297,418
297,419
297,420
297,421
297,422
297,423
297,424
297,425
297,426
297,427
297,428
297,429
297,430
297,431
298,386
298,387
298,388
298,389
298,390
298,391
298,392
298,393
298,394
298,395
298,396
298,397
298,398
298,399
298,400
298,401
298,402
298,403
298,404
298,405
298,406
298,407
298,408
298,409
298,410
298,411
298,412
298,413
298,414
298,415
298,416
298,417
298,418
298,419
298,420
298,421
298,422
298,423
298,424
298,425
298,426
298,427
298,428
298,429
298,430
298,431
299,460
299,461
300,479
300,480
300,481
300,482
300,483
300,484
301,0
301,1
301,2
301,3
301,4
301,5
301,6
301,7
301,8
301,9
301,10
301,11
301,12
301,13
301,14
301,15
301,16
301,17
301,18
301,19
301,20
301,21
301,22
301,23
301,24
301,25
301,26
301,27
301,28
301,29
301,30
301,31
302,386
302,387
302,388
302,389
302,390
302,391
302,392
302,393
302,394
302,395
302,396
302,397
302,398
302,399
302,400
302,401
302,402
302,403
302,404
302,405
302,406
302,407
302,408
302,409
302,410
302,411
302,412
302,413
302,414
302,415
302,416
302,417
302,418
302,419
302,420
302,421
302,422
302,423
302,424
302,425
302,426
302,427
302,428
302,429
302,430
302,431
303,487
303,488
303,489
303,490
303,491
303,492
304,197
304,198
304,199
304,200
304,201
304,202
304,203
304,204
304,205
304,206
304,207
304,208
304,209
304,210
304,211
304,212
304,213
304,214
304,215
304,216
304,217
304,218
304,219
305,135
305,136
305,137
305,138
306,135
306,136
306,137
306,138
307,135
307,136
307,137
307,138
308,0
308,1
308,2
308,3
308,4
308,5
308,6
308,7
308,8
308,9
308,10
308,11
308,12
308,13
308,14
308,15
308,16
308,17
308,18
308,19
308,20
308,21
308,22
308,23
308,24
308,25
308,26
308,27
308,28
308,29
308,30
308,31
309,113
309,114
309,115
309,116
309,117
309,118
309,119
309,120
309,121
309,122
309,123
309,124
309,125
309,126
309,127
309,128
309,129
309,130
309,131
309,132
309,133
309,134
310,432
310,433
310,434
310,435
310,436
310,437
310,438
310,439
310,440
310,441
310,442
310,443
310,444
310,445
310,446
310,447
310,448
310,449
310,450
310,451
310,452
310,453
310,454
310,455
310,456
310,457
310,458
310,459
311,113
311,114
311,115
311,116
311,117
311,118
311,119
311,120
311,121
311,122
311,123
311,124
311,125
311,126
311,127
311,128
311,129
311,130
311,131
311,132
311,133
311,134
312,197
312,198
312,199
312,200
312,201
312,202
312,203
312,204
312,205
312,206
312,207
312,208
312,209
312,210
312,211
312,212
312,213
312,214
312,215
312,216
312,217
312,218
312,219
313,148
313,149
313,150
313,151
313,152
313,153
313,154
313,155
313,156
313,157
313,158
313,159
313,160
313,161
313,162
313,163
313,164
313,165
313,166
314,197
314,198
314,199
314,200
314,201
314,202
314,203
314,204
314,205
314,206
314,207
314,208
314,209
314,210
314,211
314,212
314,213
314,214
314,215
314,216
314,217
314,218
314,219
315,0
315,1
315,2
315,3
315,4
315,5
315,6
315,7
315,8
315,9
315,10
315,11
315,12
315,13
315,14
315,15
315,16
315,17
315,18
315,19
315,20
315,21
315,22
315,23
315,24
315,25
315,26
315,27
315,28
315,29
315,30
315,31
316,183
316,184
316,185
316,186
316,187
316,188
316,189
316,190
317,0
317,1
317,2
317,3
317,4
317,5
317,6
317,7
317,8
317,9
317,10
317,11
317,12
317,13
317,14
317,15
317,16
317,17
317,18
317,19
317,20
317,21
317,22
317,23
317,24
317,25
317,26
317,27
317,28
317,29
317,30
317,31
318,197
318,198
318,199
318,200
318,201
318,202
318,203
318,204
318,205
318,206
318,207
318,208
318,209
318,210
318,211
318,212
318,213
318,214
318,215
318,216
318,217
318,218
318,219
319,291
319,292
319,293
319,294
319,295
319,296
319,297
319,298
319,299
319,300
319,301
319,302
319,303
319,304
319,305
319,306
319,307
319,308
319,309
319,310
319,311
319,312
319,313
319,314
320,0
320,1
320,2
320,3
320,4
320,5
320,6
320,7
320,8
320,9
320,10
320,11
320,12
320,13
320,14
320,15
320,16
320,17
320,18
320,19
320,20
320,21
320,22
320,23
320,24
320,25
320,26
320,27
320,28
320,29
320,30
320,31
321,315
321,316
321,317
321,318
321,319
321,320
321,322
321,323
321,324
321,325
322,0
322,1
322,2
322,3
322,4
322,5
322,6
322,7
322,8
322,9
322,10
322,11
322,12
322,13
322,14
322,15
322,16
322,17
322,18
322,19
322,20
322,21
322,22
322,23
322,24
322,25
322,26
322,27
322,28
322,29
322,30
322,31
323,0
323,1
323,2
323,3
323,4
323,5
323,6
323,7
323,8
323,9
323,10
323,11
323,12
323,13
323,14
323,15
323,16
323,17
323,18
323,19
323,20
323,21
323,22
323,23
323,24
323,25
323,26
323,27
323,28
323,29
323,30
323,31
324,460
324,461
325,113
325,114
325,115
325,116
325,117
325,118
325,119
325,120
325,121
325,122
325,123
325,124
325,125
325,126
325,127
325,128
325,129
325,130
325,131
325,132
325,133
325,134
326,0
326,1
326,2
326,3
326,4
326,5
326,6
326,7
326,8
326,9
326,10
326,11
326,12
326,13
326,14
326,15
326,16
326,17
326,18
326,19
326,20
326,21
326,22
326,23
326,24
326,25
326,26
326,27
326,28
326,29
326,30
326,31
327,315
327,316
327,317
327,318
327,319
327,320
327,321
327,322
327,323
327,324
327,325
328,0
328,1
328,2
328,3
328,4
328,5
328,6
328,7
328,8
328,9
328,10
328,11
328,12
328,13
328,14
328,15
328,16
328,17
328,18
328,19
328,20
328,21
328,22
328,23
328,24
328,25
328,26
328,27
328,28
328,29
328,30
328,31
329,487
329,488
329,489
329,490
329,491
329,492
330,135
330,136
330,137
330,138
331,386
331,387
331,388
331,389
331,390
331,391
331,392
331,393
331,394
331,395
331,396
331,397
331,398
331,399
331,400
331,401
331,402
331,403
331,404
331,405
331,406
331,407
331,408
331,409
331,410
331,411
331,412
331,413
331,414
331,415
331,416
331,417
331,418
331,419
331,420
331,421
331,422
331,423
331,424
331,425
331,426
331,427
331,428
331,429
331,430
331,431
332,386
332,387
332,388
332,389
332,390
332,391
332,392
332,393
332,394
332,395
332,396
332,397
332,398
332,399
332,400
332,401
332,402
332,403
332,404
332,405
332,406
332,407
332,408
332,409
332,410
332,411
332,412
332,413
332,414
332,415
332,416
332,417
332,418
332,419
332,420
332,421
332,422
332,423
332,424
332,425
332,426
332,427
332,428
332,429
332,430
332,431
333,0
333,1
333,2
333,3
333,4
333,5
333,6
333,7
333,8
333,9
333,10
333,11
333,12
333,13
333,14
333,15
333,16
333,17
333,18
333,19
333,20
333,21
333,22
333,23
333,24
333,25
333,26
333,27
333,28
333,29
333,30
333,31
334,315
334,316
334,317
334,318
334,319
334,320
334,321
334,322
334,323
334,324
334,325
335,386
335,387
335,388
335,389
335,390
335,391
335,392
335,393
335,394
335,395
335,396
335,397
335,398
335,399
335,400
335,401
335,402
335,403
335,404
335,405
335,406
335,407
335,408
335,409
335,410
335,411
335,412
335,413
335,414
335,415
335,416
335,417
335,418
335,419
335,420
335,421
335,422
335,423
335,424
335,425
335,426
335,427
335,428
335,429
335,430
335,431
336,0
336,1
336,2
336,3
336,4
336,5
336,6
336,7
336,8
336,9
336,10
336,11
336,12
336,13
336,14
336,15
336,16
336,17
336,18
336,19
336,20
336,21
336,22
336,23
336,24
336,25
336,26
336,27
336,28
336,29
336,30
336,31
337,167
337,168
337,169
337,170
337,171
337,172
337,173
337,174
337,175
337,176
337,177
337,178
337,179
337,180
337,181
337,182
338,0
338,1
338,2
338,3
338,4
338,5
338,6
338,7
338,8
338,9
338,10
338,11
338,12
338,13
338,14
338,15
338,16
338,17
338,18
338,19
338,20
338,21
338,22
338,23
338,24
338,25
338,26
338,27
338,28
338,29
338,30
338,31
339,167
339,168
339,169
339,170
339,171
339,172
339,173
339,174
339,175
339,176
339,177
339,178
339,179
339,180
339,181
339,182
340,485
340,486
341,432
341,433
341,434
341,435
341,436
341,437
341,438
341,439
341,440
341,441
341,442
341,443
341,444
341,445
341,446
341,447
341,448
341,449
341,450
341,451
341,452
341,453
341,454
341,455
341,456
341,457
341,458
341,459
342,0
342,1
342,2
342,3
342,4
342,5
342,6
342,7
342,8
342,9
342,10
342,11
342,12
342,13
342,14
342,15
342,16
342,17
342,18
342,19
342,20
342,21
342,22
342,23
342,24
342,25
342,26
342,27
342,28
342,29
342,30
342,31
343,135
343,136
343,137
343,138
344,167
344,168
344,169
344,170
344,171
344,172
344,173
344,174
344,175
344,176
344,177
344,178
344,179
344,180
344,181
344,182
345,432
345,433
345,434
345,435
345,436
345,437
345,438
345,439
345,440
345,441
345,442
345,443
345,444
345,445
345,446
345,447
345,448
345,449
345,450
345,451
345,452
345,453
345,454
345,455
345,456
345,457
345,458
345,459
346,386
346,387
346,388
346,389
346,390
346,391
346,392
346,393
346,394
346,395
346,396
346,397
346,398
346,399
346,400
346,401
346,402
346,403
346,404
346,405
346,406
346,407
346,408
346,409
346,410
346,411
346,412
346,413
346,414
346,415
346,416
346,417
346,418
346,419
346,420
346,421
346,422
346,423
346,424
346,425
346,426
346,427
346,428
346,429
346,430
346,431
347,487
347,488
347,489
347,490
347,491
347,492
348,113
348,114
348,115
348,116
348,117
348,118
348,119
348,120
348,121
348,122
348,123
348,124
348,125
348,126
348,127
348,128
348,129
348,130
348,131
348,132
348,133
348,134
349,291
349,292
349,293
349,294
349,295
349,296
349,297
349,298
349,299
349,300
349,301
349,302
349,303
349,304
349,305
349,306
349,307
349,308
349,309
349,310
349,311
349,312
349,313
349,314
350,0
350,1
350,2
350,3
350,4
350,5
350,6
350,7
350,8
350,9
350,10
350,11
350,12
350,13
350,14
350,15
350,16
350,17
350,18
350,19
350,20
350,21
350,22
350,23
350,24
350,25
350,26
350,27
350,28
350,29
350,30
350,31
351,113
351,114
351,115
351,116
351,117
351,118
351,119
351,120
351,121
351,122
351,123
351,124
351,125
351,126
351,127
351,128
351,129
351,130
351,131
351,132
351,133
351,134
352,315
352,316
352,317
352,318
352,319
352,320
352,321
352,322
352,323
352,324
352,325
353,135
353,136
353,137
353,138
354,315
354,316
354,317
354,318
354,319
354,320
354,321
354,322
354,323
354,324
354,325
355,315
355,316
355,317
355,318
355,319
355,320
355,321
355,322
355,323
355,324
355,325
356,248
356,249
356,250
356,251
356,252
356,253
356,254
356,255
356,256
356,257
356,258
356,259
356,260
356,261
356,262
356,263
356,264
356,265
356,266
356,267
356,268
356,269
356,270
356,271
356,272
356,273
356,274
356,275
356,276
356,277
356,278
356,279
356,280
356,281
356,282
356,283
356,284
356,285
356,286
356,287
356,288
356,289
356,290
357,135
357,136
357,137
357,138
358,0
358,1
358,2
358,3
358,4
358,5
358,6
358,7
358,8
358,9
358,10
358,11
358,12
358,13
358,14
358,15
358,16
358,17
358,18
358,19
358,20
358,21
358,22
358,23
358,24
358,25
358,26
358,27
358,28
358,29
358,30
358,31
359,0
359,1
359,2
359,3
359,4
359,5
359,6
359,7
359,8
359,9
359,10
359,11
359,12
359,13
359,14
359,15
359,16
359,17
359,18
359,19
359,20
359,21
359,22
359,23
359,24
359,25
359,26
359,27
359,28
359,29
359,30
359,31
360,0
360,1
360,2
360,3
360,4
360,5
360,6
360,7
360,8
360,9
360,10
360,11
360,12
360,13
360,14
360,15
360,16
360,17
360,18
360,19
360,20
360,21
360,22
360,23
360,24
360,25
360,26
360,27
360,28
360,29
360,30
360,31
361,0
361,1
361,2
361,3
361,4
361,5
361,6
361,7
361,8
361,9
361,10
361,11
361,12
361,13
361,14
361,15
361,16
361,17
361,18
361,19
361,20
361,21
361,22
361,23
361,24
361,25
361,26
361,27
361,28
361,29
361,30
361,31
362,0
362,1
362,2
362,3
362,4
362,5
362,6
362,7
362,8
362,9
362,10
362,11
362,12
362,13
362,14
362,15
362,16
362,17
362,18
362,19
362,20
362,21
362,22
362,23
362,24
362,25
362,26
362,27
362,28
362,29
362,30
362,31
363,386
363,387
363,388
363,389
363,390
363,391
363,392
363,393
363,394
363,395
363,396
363,397
363,398
363,399
363,400
363,401
363,402
363,403
363,404
363,405
363,406
363,407
363,408
363,409
363,410
363,411
363,412
363,413
363,414
363,415
363,416
363,417
363,418
363,419
363,420
363,421
363,422
363,423
363,424
363,425
363,426
363,427
363,428
363,429
363,430
363,431
364,0
364,1
364,2
364,3
364,4
364,5
364,6
364,7
364,8
364,9
364,10
364,11
364,12
364,13
364,14
364,15
364,16
364,17
364,18
364,19
364,20
364,21
364,22
364,23
364,24
364,25
364,26
364,27
364,28
364,29
364,30
364,31
365,135
365,136
365,137
365,138
366,0
366,1
366,2
366,3
366,4
366,5
366,6
366,7
366,8
366,9
366,10
366,11
366,12
366,13
366,14
366,15
366,16
366,17
366,18
366,19
366,20
366,21
366,22
366,23
366,24
366,25
366,26
366,27
366,28
366,29
366,30
366,31
367,148
367,149
367,150
367,151
367,152
367,153
367,154
367,155
367,156
367,157
367,158
367,159
367,160
367,161
367,162
367,163
367,164
367,165
367,166
368,487
368,488
368,489
368,490
368,491
368,492
369,487
369,488
369,489
369,490
369,491
369,492
370,315
370,316
370,317
370,318
370,319
370,320
370,321
370,322
370,323
370,324
370,325
371,432
371,433
371,434
371,435
371,436
371,437
371,438
371,439
371,440
371,441
371,442
371,443
371,444
371,445
371,446
371,447
371,448
371,449
371,450
371,451
371,452
371,453
371,454
371,455
371,456
371,457
371,458
371,459
372,135
372,136
372,137
372,138
373,148
373,149
373,150
373,151
373,152
373,153
373,154
373,155
373,156
373,157
373,158
373,159
373,160
373,161
373,162
373,163
373,164
373,165
373,166
374,386
374,387
374,388
374,389
374,390
374,391
374,392
374,393
374,394
374,395
374,396
374,397
374,398
374,399
374,400
374,401
374,402
374,403
374,404
374,405
374,406
374,407
374,408
374,409
374,410
374,411
374,412
374,413
374,414
374,415
374,416
374,417
374,418
374,419
374,420
374,421
374,422
374,423
374,424
374,425
374,426
374,427
374,428
374,429
374,430
374,431
375,197
375,198
375,199
375,200
375,201
375,202
375,203
375,204
375,205
375,206
375,207
375,208
375,209
375,210
375,211
375,212
375,213
375,214
375,215
375,216
375,217
375,218
375,219
376,0
376,1
376,2
376,3
376,4
376,5
376,6
376,7
376,8
376,9
376,10
376,11
376,12
376,13
376,14
376,15
376,16
376,17
376,18
376,19
376,20
376,21
376,22
376,23
376,24
376,25
376,26
376,27
376,28
376,29
376,30
376,31
377,0
377,1
377,2
377,3
377,4
377,5
377,6
377,7
377,8
377,9
377,10
377,11
377,12
377,13
377,14
377,15
377,16
377,17
377,18
377,19
377,20
377,21
377,22
377,23
377,24
377,25
377,26
377,27
377,28
377,29
377,30
377,31
378,315
378,316
378,317
378,318
378,319
378,320
378,321
378,322
378,323
378,324
378,325
379,167
379,168
379,169
379,170
379,171
379,172
379,173
379,174
379,175
379,176
379,177
379,178
379,179
379,180
379,181
379,182
380,135
380,136
380,137
380,138
381,315
381,316
381,317
381,318
381,319
381,320
381,321
381,322
381,323
381,324
381,325
382,291
382,292
382,293
382,294
382,295
382,296
382,297
382,298
382,299
382,300
382,301
382,302
382,303
382,304
382,305
382,306
382,307
382,308
382,309
382,310
382,311
382,312
382,313
382,314
383,248
383,249
383,250
383,251
383,252
383,253
383,254
383,255
383,256
383,257
383,258
383,259
383,260
383,261
383,262
383,263
383,264
383,265
383,266
383,267
383,268
383,269
383,270
383,271
383,272
383,273
383,274
383,275
383,276
383,277
383,278
383,279
383,280
383,281
383,282
383,283
383,284
383,285
383,286
383,287
383,288
383,289
383,290
384,291
384,292
384,293
384,294
384,295
384,296
384,297
384,298
384,299
384,300
384,301
384,302
384,303
384,304
384,305
384,306
384,307
384,308
384,309
384,310
384,311
384,312
384,313
384,314
385,183
385,184
385,185
385,186
385,187
385,188
385,189
385,190
386,148
386,149
386,150
386,151
386,152
386,153
386,154
386,155
386,156
386,157
386,158
386,159
386,160
386,161
386,162
386,163
386,164
386,165
386,166
387,167
387,168
387,169
387,170
387,171
387,172
387,173
387,174
387,175
387,176
387,177
387,178
387,179
387,180
387,181
387,182
388,0
388,1
388,2
388,3
388,4
388,5
388,6
388,7
388,8
388,9
388,10
388,11
388,12
388,13
388,14
388,15
388,16
388,17
388,18
388,19
388,20
388,21
388,22
388,23
388,24
388,25
388,26
388,27
388,28
388,29
388,30
388,31
389,0
389,1
389,2
389,3
389,4
389,5
389,6
389,7
389,8
389,9
389,10
389,11
389,12
389,13
389,14
389,15
389,16
389,17
389,18
389,19
389,20
389,21
389,22
389,23
389,24
389,25
389,26
389,27
389,28
389,29
389,30
389,31
390,148
390,149
390,150
390,151
390,152
390,153
390,154
390,155
390,156
390,157
390,158
390,159
390,160
390,161
390,162
390,163
390,164
390,165
390,166
391,113
391,114
391,115
391,116
391,117
391,118
391,119
391,120
391,121
391,122
391,123
391,124
391,125
391,126
391,127
391,128
391,129
391,130
391,131
391,132
391,133
391,134
392,315
392,316
392,317
392,318
392,319
392,320
392,321
392,322
392,323
392,324
392,325
393,315
393,316
393,317
393,318
393,319
393,320
393,321
393,322
393,323
393,324
393,325
394,315
394,316
394,317
394,318
394,319
394,320
394,321
394,322
394,323
394,324
394,325
395,135
395,136
395,137
395,138
396,291
396,292
396,293
396,294
396,295
396,296
396,297
396,298
396,299
396,300
396,301
396,302
396,303
396,304
396,305
396,306
396,307
396,308
396,309
396,310
396,311
396,312
396,313
396,314
397,315
397,316
397,317
397,318
397,319
397,320
397,321
397,322
397,323
397,324
397,325
398,0
398,1
398,2
398,3
398,4
398,5
398,6
398,7
398,8
398,9
398,10
398,11
398,12
398,13
398,14
398,15
398,16
398,17
398,18
398,19
398,20
398,21
398,22
398,23
398,24
398,25
398,26
398,27
398,28
398,29
398,30
398,31
399,135
399,136
399,137
399,138
400,315
400,316
400,317
400,318
400,319
400,320
400,321
400,322
400,323
400,324
400,325
401,0
401,1
401,2
401,3
401,4
401,5
401,6
401,7
401,8
401,9
401,10
401,11
401,12
401,13
401,14
401,15
401,16
401,17
401,18
401,19
401,20
401,21
401,22
401,23
401,24
401,25
401,26
401,27
401,28
401,29
401,30
401,31
402,0
402,1
402,2
402,3
402,4
402,5
402,6
402,7
402,8
402,9
402,10
402,11
402,12
402,13
402,14
402,15
402,16
402,17
402,18
402,19
402,20
402,21
402,22
402,23
402,24
402,25
402,26
402,27
402,28
402,29
402,30
402,31
403,315
403,316
403,317
403,318
403,319
403,320
403,321
403,322
403,323
403,324
403,325
404,315
404,316
404,317
404,318
404,319
404,320
404,321
404,322
404,323
404,324
404,325
405,315
405,316
405,317
405,318
405,319
405,320
405,321
405,322
405,323
405,324
405,325
406,315
406,316
406,317
406,318
406,319
406,320
406,321
406,322
406,323
406,324
406,325
407,135
407,136
407,137
407,138
408,183
408,184
408,185
408,186
408,187
408,188
408,189
408,190
409,220
409,221
409,222
409,223
409,224
409,225
409,226
409,227
409,228
409,229
409,230
409,231
409,232
409,233
409,234
409,235
409,236
409,237
409,238
409,239
409,240
409,241
409,242
409,243
409,244
409,245
409,246
409,247
410,220
410,221
410,222
410,223
410,224
410,225
410,226
410,227
410,228
410,229
410,230
410,231
410,232
410,233
410,234
410,235
410,236
410,237
410,238
410,239
410,240
410,241
410,242
410,243
410,244
410,245
410,246
410,247
411,135
411,136
411,137
411,138
412,485
412,486
413,183
413,184
413,185
413,186
413,187
413,188
413,189
413,190
414,167
414,168
414,169
414,170
414,171
414,172
414,173
414,174
414,175
414,176
414,177
414,178
414,179
414,180
414,181
414,182
415,167
415,168
415,169
415,170
415,171
415,172
415,173
415,174
415,175
415,176
415,177
415,178
415,179
415,180
415,181
415,182
416,148
416,149
416,150
416,151
416,152
416,153
416,154
416,155
416,156
416,157
416,158
416,159
416,160
416,161
416,162
416,163
416,164
416,165
416,166
417,291
417,292
417,293
417,294
417,295
417,296
417,297
417,298
417,299
417,300
417,301
417,302
417,303
417,304
417,305
417,306
417,307
417,308
417,309
417,310
417,311
417,312
417,313
417,314
418,493
418,494
418,495
418,496
419,326
419,327
419,328
419,329
419,330
419,331
419,332
419,333
419,334
419,335
419,336
419,337
419,338
419,339
419,340
419,341
419,342
419,343
419,344
419,345
419,346
419,347
419,348
419,349
419,350
419,351
419,352
419,353
419,354
419,355
419,356
419,357
419,358
419,359
419,360
419,361
419,362
419,363
419,364
419,365
419,366
419,367
420,0
420,1
420,2
420,3
420,4
420,5
420,6
420,7
420,8
420,9
420,10
420,11
420,12
420,13
420,14
420,15
420,16
420,17
420,18
420,19
420,20
420,21
420,22
420,23
420,24
420,25
420,26
420,27
420,28
420,29
420,30
420,31
421,135
421,136
421,137
421,138
422,0
422,1
422,2
422,3
422,4
422,5
422,6
422,7
422,8
422,9
422,10
422,11
422,12
422,13
422,14
422,15
422,16
422,17
422,18
422,19
422,20
422,21
422,22
422,23
422,24
422,25
422,26
422,27
422,28
422,29
422,30
422,31
423,0
423,1
423,2
423,3
423,4
423,5
423,6
423,7
423,8
423,9
423,10
423,11
423,12
423,13
423,14
423,15
423,16
423,17
423,18
423,19
423,20
423,21
423,22
423,23
423,24
423,25
423,26
423,27
423,28
423,29
423,30
423,31
424,432
424,433
424,434
424,435
424,436
424,437
424,438
424,439
424,440
424,441
424,442
424,443
424,444
424,445
424,446
424,447
424,448
424,449
424,450
424,451
424,452
424,453
424,454
424,455
424,456
424,457
424,458
424,459
425,291
425,292
425,293
425,294
425,295
425,296
425,297
425,298
425,299
425,300
425,301
425,302
425,303
425,304
425,305
425,306
425,307
425,308
425,309
425,310
425,311
425,312
425,313
425,314
426,386
426,387
426,388
426,389
426,390
426,391
426,392
426,393
426,394
426,395
426,396
426,397
426,398
426,399
426,400
426,401
426,402
426,403
426,404
426,405
426,406
426,407
426,408
426,409
426,410
426,411
426,412
426,413
426,414
426,415
426,416
426,417
426,418
426,419
426,420
426,421
426,422
426,423
426,424
426,425
426,427
426,428
426,429
426,430
426,431
427,248
427,249
427,250
427,251
427,252
427,253
427,254
427,255
427,256
427,257
427,258
427,259
427,260
427,261
427,262
427,263
427,264
427,265
427,266
427,267
427,268
427,269
427,270
427,271
427,272
427,273
427,274
427,275
427,276
427,277
427,278
427,279
427,280
427,281
427,282
427,283
427,284
427,285
427,286
427,287
427,288
427,289
427,290
428,148
428,149
428,150
428,151
428,152
428,153
428,154
428,155
428,156
428,157
428,158
428,159
428,160
428,161
428,162
428,163
428,164
428,165
428,166
429,432
429,433
429,434
429,435
429,436
429,437
429,438
429,439
429,440
429,441
429,442
429,443
429,444
429,445
429,446
429,447
429,448
429,449
429,450
429,451
429,452
429,453
429,454
429,455
429,456
429,457
429,458
429,459
430,0
430,1
430,2
430,3
430,4
430,5
430,6
430,7
430,8
430,9
430,10
430,11
430,12
430,13
430,14
430,15
430,16
430,17
430,18
430,19
430,20
430,21
430,22
430,23
430,24
430,25
430,26
430,27
430,28
430,29
430,30
430,31
431,487
431,488
431,489
431,490
431,491
431,492
432,493
432,494
432,495
432,496
433,148
433,149
433,150
433,151
433,152
433,153
433,154
433,155
433,156
433,157
433,158
433,159
433,160
433,161
433,162
433,163
433,164
433,165
433,166
434,183
434,184
434,185
434,186
434,187
434,188
434,189
434,190
435,291
435,292
435,293
435,294
435,295
435,296
435,297
435,298
435,299
435,300
435,301
435,302
435,303
435,304
435,305
435,306
435,307
435,308
435,309
435,310
435,311
435,312
435,313
435,314
436,135
436,136
436,137
436,138
437,371
437,372
437,373
437,374
437,375
437,376
437,377
437,378
437,379
437,380
437,381
437,382
437,383
437,384
437,385
438,0
438,1
438,2
438,3
438,4
438,5
438,6
438,7
438,8
438,9
438,10
438,11
438,12
438,13
438,14
438,15
438,16
438,17
438,18
438,19
438,20
438,21
438,22
438,23
438,24
438,25
438,26
438,27
438,28
438,29
438,30
438,31
439,432
439,433
439,434
439,435
439,436
439,437
439,438
439,440
439,441
439,442
439,443
439,444
439,445
439,446
439,447
439,448
439,449
439,450
439,451
439,452
439,453
439,454
439,455
439,456
439,457
439,458
439,459
440,183
440,184
440,185
440,186
440,187
440,188
440,189
440,190
441,291
441,292
441,293
441,294
441,295
441,296
441,297
441,298
441,299
441,300
441,301
441,302
441,303
441,304
441,305
441,306
441,307
441,308
441,309
441,310
441,311
441,312
441,313
441,314
442,462
442,463
442,464
442,465
442,466
442,467
442,468
442,469
442,470
442,471
442,472
442,473
442,474
442,475
442,476
442,477
442,478
443,135
443,136
443,137
443,138
444,183
444,184
444,185
444,186
444,187
444,188
444,189
444,190
445,460
445,461
446,291
446,292
446,293
446,294
446,295
446,296
446,297
446,298
446,299
446,300
446,301
446,302
446,303
446,304
446,305
446,306
446,307
446,308
446,309
446,310
446,311
446,312
446,313
446,314
447,0
447,1
447,2
447,3
447,4
447,5
447,6
447,7
447,8
447,9
447,10
447,11
447,12
447,13
447,14
447,15
447,16
447,17
447,18
447,19
447,20
447,21
447,22
447,23
447,24
447,25
447,26
447,27
447,28
447,29
447,30
447,31
448,0
448,1
448,2
448,3
448,4
448,5
448,6
448,7
448,8
448,9
448,10
448,11
448,12
448,13
448,14
448,15
448,16
448,17
448,18
448,19
448,20
448,21
448,22
448,23
448,24
448,25
448,26
448,27
448,28
448,29
448,30
448,31
449,315
449,316
449,317
449,318
449,319
449,320
449,321
449,322
449,323
449,324
449,325
450,315
450,316
450,317
450,318
450,319
450,320
450,321
450,322
450,323
450,324
450,325
451,315
451,316
451,317
451,318
451,319
451,320
451,321
451,322
451,323
451,324
451,325
452,135
452,136
452,137
452,138
453,386
453,387
453,388
453,389
453,390
453,391
453,392
453,393
453,394
453,395
453,396
453,397
453,398
453,399
453,400
453,401
453,402
453,403
453,404
453,405
453,406
453,407
453,408
453,409
453,410
453,411
453,412
453,413
453,414
453,415
453,416
453,417
453,418
453,419
453,420
453,421
453,422
453,423
453,424
453,425
453,426
453,427
453,428
453,429
453,430
453,431
454,183
454,184
454,185
454,186
454,187
454,188
454,189
454,190
455,315
455,316
455,317
455,318
455,319
455,320
455,321
455,322
455,323
455,324
455,325
456,248
456,249
456,250
456,251
456,252
456,253
456,254
456,255
456,256
456,257
456,258
456,259
456,260
456,261
456,262
456,263
456,264
456,265
456,266
456,267
456,268
456,269
456,270
456,271
456,272
456,273
456,274
456,275
456,276
456,277
456,278
456,279
456,280
456,281
456,282
456,283
456,284
456,285
456,286
456,287
456,288
456,289
456,290
457,0
457,1
457,2
457,3
457,4
457,5
457,6
457,7
457,8
457,9
457,10
457,11
457,12
457,13
457,14
457,15
457,16
457,17
457,18
457,19
457,20
457,21
457,22
457,23
457,24
457,25
457,26
457,27
457,28
457,29
457,30
457,31
458,386
458,387
458,388
458,389
458,390
458,391
458,392
458,393
458,394
458,395
458,396
458,397
458,398
458,399
458,400
458,401
458,402
458,403
458,404
458,405
458,406
458,407
458,408
458,409
458,410
458,411
458,412
458,413
458,414
458,415
458,416
458,417
458,418
458,419
458,420
458,421
458,422
458,423
458,424
458,425
458,426
458,427
458,428
458,429
458,430
458,431
459,291
459,292
459,293
459,294
459,295
459,296
459,297
459,298
459,299
459,300
459,301
459,302
459,303
459,304
459,305
459,306
459,307
459,308
459,309
459,310
459,311
459,312
459,313
459,314
460,371
460,372
460,373
460,374
460,375
460,376
460,377
460,378
460,379
460,380
460,381
460,382
460,383
460,384
460,385
461,0
461,1
461,2
461,3
461,4
461,5
461,6
461,7
461,8
461,9
461,10
461,11
461,12
461,13
461,14
461,15
461,16
461,17
461,18
461,19
461,20
461,21
461,22
461,23
461,24
461,25
461,26
461,27
461,28
461,29
461,30
461,31
462,493
462,494
462,495
462,496
463,0
463,1
463,2
463,3
463,4
463,5
463,6
463,7
463,8
463,9
463,10
463,11
463,12
463,13
463,14
463,15
463,16
463,17
463,18
463,19
463,20
463,21
463,22
463,23
463,24
463,25
463,26
463,27
463,28
463,29
463,30
463,31
464,0
464,1
464,2
464,3
464,4
464,5
464,6
464,7
464,8
464,9
464,10
464,11
464,12
464,13
464,14
464,15
464,16
464,17
464,18
464,19
464,20
464,21
464,22
464,23
464,24
464,25
464,26
464,27
464,28
464,29
464,30
464,31
465,315
465,316
465,317
465,318
465,319
465,320
465,321
465,322
465,323
465,324
465,325
466,371
466,372
466,373
466,374
466,375
466,376
466,377
466,378
466,379
466,380
466,381
466,382
466,383
466,384
466,385
467,487
467,488
467,489
467,490
467,491
467,492
468,135
468,136
468,137
468,138
469,493
469,494
469,495
469,496
470,0
470,1
470,2
470,3
470,4
470,5
470,6
470,7
470,8
470,9
470,10
470,11
470,12
470,13
470,14
470,15
470,16
470,17
470,18
470,19
470,20
470,21
470,22
470,23
470,24
470,25
470,26
470,27
470,28
470,29
470,30
470,31
471,386
471,387
471,388
471,389
471,390
471,391
471,392
471,393
471,394
471,395
471,396
471,397
471,398
471,399
471,400
471,401
471,402
471,403
471,404
471,405
471,406
471,407
471,408
471,409
471,410
471,411
471,412
471,413
471,414
471,415
471,416
471,417
471,418
471,419
471,420
471,421
471,422
471,423
471,424
471,425
471,426
471,427
471,428
471,429
471,430
471,431
472,0
472,1
472,2
472,3
472,4
472,5
472,6
472,7
472,8
472,9
472,10
472,11
472,12
472,13
472,14
472,15
472,16
472,17
472,18
472,19
472,20
472,21
472,22
472,23
472,24
472,25
472,26
472,27
472,28
472,29
472,30
472,31
473,0
473,1
473,2
473,3
473,4
473,5
473,6
473,7
473,8
473,9
473,10
473,11
473,12
473,13
473,14
473,15
473,16
473,17
473,18
473,19
473,20
473,21
473,22
473,23
473,24
473,25
473,26
473,27
473,28
473,29
473,30
473,31
474,135
474,136
474,137
474,138
475,386
475,387
475,388
475,389
475,390
475,391
475,392
475,393
475,394
475,395
475,396
475,397
475,398
475,399
475,400
475,401
475,402
475,403
475,404
475,405
475,406
475,407
475,408
475,409
475,410
475,411
475,412
475,413
475,414
475,415
475,416
475,417
475,418
475,419
475,420
475,421
475,422
475,423
475,424
475,425
475,426
475,427
475,428
475,429
475,430
475,431
476,371
476,372
476,373
476,374
476,375
476,376
476,377
476,378
476,379
476,380
476,381
476,382
476,383
476,384
476,385
477,197
477,198
477,199
477,200
477,201
477,202
477,203
477,204
477,205
477,206
477,207
477,208
477,209
477,210
477,211
477,212
477,213
477,214
477,215
477,216
477,217
477,218
477,219
478,113
478,114
478,115
478,116
478,117
478,118
478,119
478,120
478,121
478,122
478,123
478,124
478,125
478,126
478,127
478,128
478,129
478,130
478,131
478,132
478,133
478,134
479,480
479,481
479,482
479,483
479,484
480,76
480,77
480,78
480,79
480,80
480,81
480,82
480,83
480,84
480,85
480,86
480,87
480,88
480,89
480,90
480,91
480,92
480,93
480,94
480,95
480,96
480,97
480,98
480,99
480,100
480,101
480,102
480,103
480,104
480,105
480,106
480,107
480,108
480,109
480,110
480,111
480,112
481,291
481,292
481,293
481,294
481,295
481,296
481,297
481,298
481,299
481,300
481,301
481,302
481,303
481,304
481,305
481,306
481,307
481,308
481,309
481,310
481,311
481,312
481,313
481,314
482,197
482,198
482,199
482,200
482,201
482,202
482,203
482,204
482,205
482,206
482,207
482,208
482,209
482,210
482,211
482,212
482,213
482,214
482,215
482,216
482,217
482,218
482,219
483,479
483,480
483,481
483,482
483,484
484,291
484,292
484,293
484,294
484,295
484,296
484,297
484,298
484,299
484,300
484,301
484,302
484,303
484,304
484,305
484,306
484,307
484,308
484,309
484,310
484,311
484,312
484,313
484,314
485,291
485,292
485,293
485,294
485,295
485,296
485,297
485,298
485,299
485,300
485,301
485,302
485,303
485,304
485,305
485,306
485,307
485,308
485,309
485,310
485,311
485,312
485,313
485,314
486,291
486,292
486,293
486,294
486,295
486,296
486,297
486,298
486,299
486,300
486,301
486,302
486,303
486,304
486,305
486,306
486,307
486,308
486,309
486,310
486,311
486,312
486,313
486,314
487,291
487,292
487,293
487,294
487,295
487,296
487,297
487,298
487,299
487,300
487,301
487,302
487,303
487,304
487,305
487,306
487,307
487,308
487,309
487,310
487,311
487,312
487,313
487,314
488,135
488,136
488,137
488,138
489,291
489,292
489,293
489,294
489,295
489,296
489,297
489,298
489,299
489,300
489,301
489,302
489,303
489,304
489,305
489,306
489,307
489,308
489,309
489,310
489,311
489,312
489,313
489,314
490,0
490,1
490,2
490,3
490,4
490,5
490,6
490,7
490,8
490,9
490,10
490,11
490,12
490,13
490,14
490,15
490,16
490,17
490,18
490,19
490,20
490,21
490,22
490,23
490,24
490,25
490,26
490,27
490,28
490,29
490,30
490,31
491,0
491,1
491,2
491,3
491,4
491,5
491,6
491,7
491,8
491,9
491,10
491,11
491,12
491,13
491,14
491,15
491,16
491,17
491,18
491,19
491,20
491,21
491,22
491,23
491,24
491,25
491,26
491,27
491,28
491,29
491,30
491,31
492,197
492,198
492,199
492,200
492,201
492,202
492,203
492,204
492,205
492,206
492,207
492,208
492,209
492,210
492,211
492,212
492,213
492,214
492,215
492,216
492,217
492,218
492,219
493,32
493,33
493,34
493,35
493,36
493,37
493,38
493,39
493,40
493,41
493,42
493,43
493,44
493,45
493,46
493,47
493,48
493,49
493,50
493,51
493,52
493,53
493,54
493,55
493,56
493,57
493,58
493,59
493,60
493,61
493,62
493,63
493,64
493,65
493,66
493,67
493,68
493,69
493,70
493,71
493,72
493,73
493,74
493,75
494,371
494,372
494,373
494,374
494,375
494,376
494,377
494,378
494,379
494,380
494,381
494,382
494,383
494,384
494,385
495,0
495,1
495,2
495,3
495,4
495,5
495,6
495,7
495,8
495,9
495,10
495,11
495,12
495,13
495,14
495,15
495,16
495,17
495,18
495,19
495,20
495,21
495,22
495,23
495,24
495,25
495,26
495,27
495,28
495,29
495,30
495,31
496,167
496,168
496,169
496,170
496,171
496,172
496,173
496,174
496,175
496,176
496,177
496,178
496,179
496,180
496,181
496,182
